-- MySQL dump 10.13  Distrib 5.1.73, for redhat-linux-gnu (x86_64)
--
-- Host: localhost    Database: avcp_communication
-- ------------------------------------------------------
-- Server version	5.1.73

/*!40101 SET @OLD_CHARACTER_SET_CLIENT=@@CHARACTER_SET_CLIENT */;
/*!40101 SET @OLD_CHARACTER_SET_RESULTS=@@CHARACTER_SET_RESULTS */;
/*!40101 SET @OLD_COLLATION_CONNECTION=@@COLLATION_CONNECTION */;
/*!40101 SET NAMES utf8 */;
/*!40103 SET @OLD_TIME_ZONE=@@TIME_ZONE */;
/*!40103 SET TIME_ZONE='+00:00' */;
/*!40014 SET @OLD_UNIQUE_CHECKS=@@UNIQUE_CHECKS, UNIQUE_CHECKS=0 */;
/*!40014 SET @OLD_FOREIGN_KEY_CHECKS=@@FOREIGN_KEY_CHECKS, FOREIGN_KEY_CHECKS=0 */;
/*!40101 SET @OLD_SQL_MODE=@@SQL_MODE, SQL_MODE='NO_AUTO_VALUE_ON_ZERO' */;
/*!40111 SET @OLD_SQL_NOTES=@@SQL_NOTES, SQL_NOTES=0 */;

--
-- Table structure for table `avcpman_ditta`
--

DROP TABLE IF EXISTS `avcpman_ditta`;
/*!40101 SET @saved_cs_client     = @@character_set_client */;
/*!40101 SET character_set_client = utf8 */;
CREATE TABLE `avcpman_ditta` (
  `did` int(11) NOT NULL AUTO_INCREMENT,
  `ragione_sociale` varchar(250) NOT NULL,
  `estera` char(1) DEFAULT NULL,
  `dummy` char(1) DEFAULT NULL,
  `identificativo_fiscale` varchar(250) NOT NULL,
  PRIMARY KEY (`did`),
  UNIQUE KEY `uc_id` (`identificativo_fiscale`)
) ENGINE=InnoDB AUTO_INCREMENT=155 DEFAULT CHARSET=utf8 COMMENT='Contiene le informazioni sulle ditte';
/*!40101 SET character_set_client = @saved_cs_client */;

--
-- Dumping data for table `avcpman_ditta`
--

LOCK TABLES `avcpman_ditta` WRITE;
/*!40000 ALTER TABLE `avcpman_ditta` DISABLE KEYS */;
INSERT INTO `avcpman_ditta` VALUES (1,'Comune di Terracina','N',NULL,'00246180590'),(2,'Ditta Fantasma','Y','Y','12345678912'),(3,'D&G COSTRUZIONI BERTELLI','N',NULL,'02455840591'),(4,'P.C.C. IMPIANTI','N',NULL,'01277170591'),(5,'CEABIS','N',NULL,'00294890355'),(6,'1 ERRE IMPIANTI','N',NULL,'02607060593'),(7,'AHSI SPA','N',NULL,'02481080964'),(8,'SYREMONT SPA','N',NULL,'08572130154'),(9,'GUIDO COSTRUZIONI SRL','N',NULL,'02187060591'),(10,'SOC. COOP. BILANCIAI','N',NULL,'00162700363'),(11,'MORO ECOLOGICA SRL','N',NULL,'01324440591'),(12,'COPY CENTER','N',NULL,'01645270594'),(16,'TEAM','N',NULL,'09858501001'),(20,'EDIL MATICA SRL','N',NULL,'01994020590'),(21,'SIMONESCHI SISTEMI TECNOLOGICI','N',NULL,'01906260599'),(22,'ANGELUCCI SAS DI CARROZZO ANNA & C.','N',NULL,'01648280590'),(23,'MAX IMPIANTI DI ANTONETTI MASSIMILIANO','N',NULL,'02166410593'),(24,'NASA SUD SAS','N',NULL,'01338960592'),(25,'MIAC DI PARAVANI CARLO & C. SAS','N',NULL,'013474000598'),(26,'MIAC DI PARAVANI CARLO & C. SAS','N',NULL,'01347400598'),(27,'SOC. ASSIEGO LLOYD\'S','N',NULL,'08958920152'),(28,'LA MADIA','N',NULL,'91082180596'),(29,'GEMINI APPALTI','N',NULL,'08366821000'),(30,'CIMINO GIUSEPPE','N',NULL,'00266190594'),(31,'FER.COM','N',NULL,'02271620599'),(32,'LEICA GEOSYSTEM SPA','N',NULL,'012090330155'),(33,'KONE SPA','N',NULL,'012899760156'),(34,'CNIM SRL','N',NULL,'06119361001'),(35,'PISA FABIO','N',NULL,'02436310599'),(36,'NUOVA ERRE DI CHILA AGATA MARIA','N',NULL,'02609810599'),(37,'CHIOCCA PASQUALE','N',NULL,'00217490598'),(38,'ESSE CI SRL','N',NULL,'02506130602'),(39,'C.S.C. SRL','N',NULL,'02506290606'),(40,'OK UFFICIO ARREDAMENTI SRL','N',NULL,'01078930094'),(41,'FINELLI ARREDAMENTI','N',NULL,'01719470609'),(42,'BERSANETTI OFFICE DESIGN SRL','N',NULL,'02612470597'),(43,'PIEMME SERVICE DI POLIDORO MASSIMILIANO','N',NULL,'02683950592'),(44,'E-PROJECT SNC','N',NULL,'02231570421'),(45,'PARISELLA CARLA','N',NULL,'001880520586'),(47,'SUBIACO F & DI BONO SNC','N',NULL,'02344760596'),(48,'EDILMAR DI MARRONE MARCO','N',NULL,'026888410592'),(49,'DI GIROLAMO FRANCO','N',NULL,'02385360595'),(50,'SALVINI COSTRUZIONI SRL','N',NULL,'01633700594'),(51,'SAIMA SRL','N',NULL,'03466850611'),(52,'DOVIMED','N',NULL,'01670480563'),(53,'LOW COST','N',NULL,'05304750960'),(54,'SUNNEXT','N',NULL,'07394350966'),(55,'ALTEA SRL','N',NULL,'054171730962'),(56,'DI.BA SNC','N',NULL,'01599990593'),(57,'IDROKALOR SAS','N',NULL,'01306590595'),(58,'EDIL BI SRL','N',NULL,'01449770591'),(59,'ECOSTRADE','N',NULL,'02483440596'),(60,'BERTELLI DANIELE','N',NULL,'02660090594'),(61,'CO.GE.STRADE','N',NULL,'02034570594'),(62,'CARCONE SRL','N',NULL,'02275540595'),(63,'CODISAB','N',NULL,'01204190662'),(64,'PAPALEO SRL','N',NULL,'02286030594'),(65,'LA TERRA SRL','N',NULL,'02610940609'),(66,'DSBA','N',NULL,'011140321008'),(67,'VIMA','N',NULL,'02310630591'),(68,'LADY APPALTI','N',NULL,'02228850004'),(69,'SOC. 3S SOCIETA SERVIZI STRADALI E AZIENDALI','N',NULL,'01936100609'),(70,'BETON BLACK','N',NULL,'00082250598'),(71,'SOC. PRENESTE APPALTI SRL','N',NULL,'06849841009'),(72,'SOC. EDIL SAFER','N',NULL,'04150181008'),(73,'PARADISO DI BARCHI','N',NULL,'02171840590'),(74,'COPY CENTER DI CAIANI ALFREDA','N',NULL,'02784990596'),(75,'BIANCHI GIOVANNI','N',NULL,'01297660597'),(76,'SOC. CABEF ITALIA','N',NULL,'02241310420'),(77,'SPAZIO VERDE','N',NULL,'02532270283'),(78,'VIVAIO GARDEN SARAH ','N',NULL,'01942090596'),(79,'LEASE PLAN','N',NULL,'02615080963'),(80,'TECNO SERVICE IMPIANTI SNC','N',NULL,'02253050591'),(81,'MARESCA FABIO','N',NULL,'02206960599'),(82,'GEMMO SPA','N',NULL,'03214610242'),(83,'TLS','N',NULL,'10514621001'),(84,'PAOLACCI SRL','N',NULL,'05307501006'),(85,'G&M ','N',NULL,'02314460607'),(86,'SABINA APPALTI','N',NULL,'07936561005'),(87,'IMPRESA EDILE D\'ANGELI RENATO','N',NULL,'00520620600'),(88,'IMPREGETAL SRL','N',NULL,'11210601008'),(89,'TECNILAVORI','N',NULL,'11145641004'),(90,'CARDI COSTRUZIONI','N',NULL,'02197520592'),(91,'C.R.D. SRL','N',NULL,'02091750592'),(92,'AGISIDER SRL','N',NULL,'02483870594'),(93,'ECOCAR 2000 SNC','N',NULL,'02169060601'),(94,'GREEN PLANET SRL','N',NULL,'02558410599'),(95,'STACCHIO IMPIANTI','N',NULL,'01145980437'),(96,'COSTRUZIONI MASTRUZZO','N',NULL,'00723660593'),(97,'GALILEO GALILEI','N',NULL,'02647100599'),(98,'VAL DI GAETA','N',NULL,'02141340592'),(99,'ALLEVAMENTO LEPINI','N',NULL,'02797070600'),(100,'LA MIMOSA','N',NULL,'01258670593'),(101,'SEBACH SRL','N',NULL,'03912150483'),(102,'MOROLENSE PREFABBRICATI','N',NULL,'00378810600'),(103,'SISTEMA SRL','N',NULL,'05840320724'),(104,'LADY APPALTI COSTRUZIONI GENERALI SOC. COOPERATIVA','N',NULL,'02431850599'),(105,'EDIL PARATI 4000 SAS','N',NULL,'01432060596'),(106,'ENERSUD SRL','N',NULL,'03547870612'),(107,'TROCCOLI DAVID','N',NULL,'TRCDVD59A02H324B'),(108,'GIUSEPPE CIARLO','N',NULL,'02030470591'),(109,'MORO MATTEO','N',NULL,'MROMTT78B21L120C'),(110,'CERILLI TIZIANO','N',NULL,'CRLTZN74D30L120X'),(111,'ZOMPARELLI GIANLUCA RIZIERO','N',NULL,'ZMPGLC69L15L120C'),(112,'PARAVANI GIUSEPPE','N',NULL,'01515380598'),(113,'PORCELLI MARCO','N',NULL,'PRCMRC64T14E472L'),(114,'CHIZZONI MARIO','N',NULL,'01136880596'),(115,'BONELLI CESARE','N',NULL,'BNLCSR74B16L120V'),(116,'VERNILE ANTONIO','N',NULL,'00838811008'),(117,'FALCONE GIAMPIERO','N',NULL,'FLCGPR50R15L120A'),(118,'PERCOCO DARIO','N',NULL,'PRCDRA56R13L120H'),(119,'BASSI MASSIMO','N',NULL,'BSSMSM76S09L120G'),(120,'DI PROSPERO SIMONE','N',NULL,'DPRSMN77B07H501K'),(121,'CORTESE VINCENZO','N',NULL,'01629950708'),(122,'SABELLICO ENRICO FRANCO','N',NULL,'00265540591'),(123,'FASCIOLO MARIA GRAZIA','N',NULL,'02135720593'),(124,'PIETRANGELI MARCO','N',NULL,'06431641007'),(125,'ORILIA ANTONIO','N',NULL,'RLONTN64T09L120I'),(126,'CIBELLI MARIA TERESA','N',NULL,'02482730609'),(127,'MARAGONI DAVID','N',NULL,'MRGDVD83B17L120Q'),(128,'FURLANETTO ROBERTO','N',NULL,'08827801005'),(129,'ROSATO EUGENIO','N',NULL,'01121200594'),(130,'SOC. COOP. LA MIMOSA','N',NULL,'MTTMTR58D68D662U'),(131,'ALONZI ANTONIO','N',NULL,'01438240598'),(132,'DE FRANCESCO SAS','N',NULL,'01993170594'),(133,'PLASTISIGNAL SRL','N',NULL,'01023810623'),(134,'MOSE SNC','N',NULL,'02681880592'),(135,'DI FABIO RENATO','N',NULL,'02372720595'),(136,'SOC. FINAMBIENTE GROUP SPA','N',NULL,'10629171009'),(137,'CIARLO FRANCESCO','N',NULL,'CRLFNC54H07L407L'),(138,'FAIOLA MARIA ANGELA','N',NULL,'FLAMNG81L53L120J'),(139,'DI MICCO GASPARE','N',NULL,'DMCGPR66B28G698L'),(140,'BIONDI GIANNI','N',NULL,'BNDGNN55M15E472E'),(141,'D\'ONOFRIO MARIA CHIARA','N',NULL,'DNFMCH66E61L120D'),(142,'MUCCITELLI SRL','N',NULL,'02671280606'),(143,'SA.MAR APPALTI','N',NULL,'02592100594'),(144,'ING. SCATTARETICO FRANCESCO','N',NULL,'02640890592'),(145,'EURVEN COMPACTING AND RECYCLING','N',NULL,'03528040243'),(146,'NUOVA VETRERIA EUROPA','N',NULL,'02462490596'),(147,'CIPOLLA ADALBERTO','N',NULL,'02452490598'),(148,'Società Consortile Informatica Camere Commercio Italiane per Azioni','N',NULL,'02313821007'),(149,'Ditta Eredi V. PIETRICOLA','N',NULL,'01084300597'),(150,'Società PROMETEO SRL','N',NULL,'01999230590'),(151,'TELECOM ITALIA DIGITAL SOLUTIONS S.P.A.','N',NULL,'05815611008'),(152,'DEDAGROUP S.P.A.','N',NULL,'01763870225 '),(153,'PENSIERI E PAROLE S.N.C.','N',NULL,'02035830591 '),(154,'17VENTIDUE S.R.L.','N',NULL,'11435461006');
/*!40000 ALTER TABLE `avcpman_ditta` ENABLE KEYS */;
UNLOCK TABLES;

--
-- Table structure for table `avcpman_files`
--

DROP TABLE IF EXISTS `avcpman_files`;
/*!40101 SET @saved_cs_client     = @@character_set_client */;
/*!40101 SET character_set_client = utf8 */;
CREATE TABLE `avcpman_files` (
  `fid` int(11) NOT NULL AUTO_INCREMENT,
  `content` blob,
  `ctype` char(1) DEFAULT NULL,
  `numero` decimal(10,0) DEFAULT NULL,
  `anno` int(4) NOT NULL,
  PRIMARY KEY (`fid`)
) ENGINE=InnoDB AUTO_INCREMENT=3 DEFAULT CHARSET=utf8 COMMENT='Contiene i files prodotti';
/*!40101 SET character_set_client = @saved_cs_client */;

--
-- Dumping data for table `avcpman_files`
--

LOCK TABLES `avcpman_files` WRITE;
/*!40000 ALTER TABLE `avcpman_files` DISABLE KEYS */;
/*!40000 ALTER TABLE `avcpman_files` ENABLE KEYS */;
UNLOCK TABLES;

--
-- Table structure for table `avcpman_gara`
--

DROP TABLE IF EXISTS `avcpman_gara`;
/*!40101 SET @saved_cs_client     = @@character_set_client */;
/*!40101 SET character_set_client = utf8 */;
CREATE TABLE `avcpman_gara` (
  `gid` int(11) NOT NULL AUTO_INCREMENT,
  `cig` varchar(10) DEFAULT NULL,
  `oggetto` varchar(250) DEFAULT NULL,
  `scelta_contraente` decimal(10,0) DEFAULT NULL,
  `importo` decimal(15,2) DEFAULT NULL,
  `importo_liquidato` decimal(15,2) DEFAULT NULL,
  `dummy` char(1) DEFAULT NULL,
  `data_inizio` date DEFAULT NULL,
  `data_fine` date DEFAULT NULL,
  `f_user_id` varchar(100) DEFAULT NULL,
  `f_pub_numero` decimal(10,0) DEFAULT NULL,
  `f_pub_anno` int(4) DEFAULT NULL,
  PRIMARY KEY (`gid`),
  KEY `fk_pubblicazione` (`f_pub_anno`,`f_pub_numero`),
  CONSTRAINT `fk_pubblicazione` FOREIGN KEY (`f_pub_anno`, `f_pub_numero`) REFERENCES `avcpman_pubblicazione` (`anno`, `numero`) ON DELETE NO ACTION
) ENGINE=InnoDB AUTO_INCREMENT=186 DEFAULT CHARSET=utf8 COMMENT='Contiene le informazioni sui lotti di gara';
/*!40101 SET character_set_client = @saved_cs_client */;

--
-- Dumping data for table `avcpman_gara`
--

LOCK TABLES `avcpman_gara` WRITE;
/*!40000 ALTER TABLE `avcpman_gara` DISABLE KEYS */;
INSERT INTO `avcpman_gara` VALUES (3,'Z280DB10D9','LAVORI DI RICOSTRUZIONE MURO DI PIETRA E UNA FONTANA PER VIA LA CIANA','23','8080.00','8080.00','N','2014-01-20','2014-03-17','teresa.cannistraci',NULL,2014),(4,'Z730D716BF','LAVORI URGENTI PER ACCENSIONE IMPIANTI DI RISCALDAMENTO AULA UDIENZE PRIMO PIANO','23','7170.00','7170.00','N','2014-01-15','2014-02-17','teresa.cannistraci',NULL,2014),(5,'Z910D2C119','FORNITURA CELLA REFRIGERANTE A TRE POSTI PER OBITORIO COMUNALE','6','11627.00','11627.00','N','2014-03-14','2014-03-14','teresa.cannistraci',NULL,2014),(6,'5701200B10','LAVORI DI COMPLETAMENTO DEL SITO ARCHEOLOGICO TEMPIO DI GIOVE ANXUR','6','71139.00',NULL,'N',NULL,NULL,'teresa.cannistraci',NULL,2014),(7,'Z240E5B965','MANUTENZIONE STRAORDINARIA IMPIANTI TERMICI','23','19810.00','19810.00','N','2014-01-02','2014-05-27','teresa.cannistraci',NULL,2014),(8,'ZA00E7C50D','FORNITURA CARRELLO ELEVATORE','23','2880.00','2880.00','N','2014-05-06','2014-05-06','teresa.cannistraci',NULL,2014),(9,'Z020D712C3','LAVORI RISTRUTTURAZIONE DELLE FASCE MARCAPIANO PRESSO L\'EDIFICIO SCOLASTICO DON MILANI','6','35847.00','35847.00','N','2014-01-20','2014-03-07','teresa.cannistraci',NULL,2014),(10,'Z680D50159','FORNITURA SISTEMA DI PESATURA E N. 2 PIATTAFORME PER ISOLA ECOLOGICA','23','23500.00','0.00','N','2014-02-28',NULL,'teresa.cannistraci',NULL,2014),(11,'Z580DF515C','LAVORI SVUOTAMENTO POZZI NERI  ','23','1721.00','1721.00','N','2014-02-10','2014-06-04','teresa.cannistraci',NULL,2014),(13,'Z080D74F35','FORNITURA FOTOCOPIE ED ELABORATI PER IL SETTORE LL.PP.','23','1033.06','1033.06','N','2014-01-20','2014-02-20','teresa.cannistraci',NULL,2014),(14,'ZAF0D76997','LAVORI DI MANUTENZIONE ORDINARIA ASCENSORI','23','516.00','516.00','N','2014-01-22','2014-02-05','teresa.cannistraci',NULL,2014),(16,'Z350D7E690','LAVORI ADEGUAMENTO STADIO COLAVOLPE FORNITURA IN OPERA POMPA DI CALORE','23','8400.00','8400.00','N','2014-01-02','2014-01-03','teresa.cannistraci',NULL,2014),(17,'Z090D898EA','LAVORI ADEGUAMENTO STADIO COLAVOLPE STRAORDINARIA MANUTENZIONE','23','6000.00','6000.00','N','2014-02-06','2014-02-10','teresa.cannistraci',NULL,2014),(18,'ZB10DF074D','SOSTITUZIONE CONDIZIONATORE SPLIT UFFFICIO COMMISSIONE STRAORDINARIA','23','1000.00','1000.00','N','2014-02-27','2014-03-20','teresa.cannistraci',NULL,2014),(19,'Z110DF7135','LAVORI URGENTI RISCALDAMENTO CIMITERO BORGO HERMADA','23','800.00','800.00','N','2014-02-06','2014-03-27','teresa.cannistraci',NULL,2014),(20,'Z760DCC1AB','MANUTENZIONE ASCENSORE TRIBUNALE','23','2290.00','2290.00','N','2014-02-20','2014-03-07','teresa.cannistraci',NULL,2014),(21,'Z9B0DBD490','MANUTENZIONE E ASSISTENZA ASCENSORI ','23','4455.00','4455.00','N','2014-02-20','2014-03-07','teresa.cannistraci',NULL,2014),(22,'ZB80D9E370','SERVIZIO MANUTENZIONE PRESIDI ANTINCENDIO ZONA PORTUALE','23','17571.00','11714.00','N','2014-01-02',NULL,'teresa.cannistraci',NULL,2014),(23,'Z570DE8913','LAVORI DI REVISIONE RICARICA NEGLI EDIFICI COMUNALI','23','4749.00','4749.00','N','2014-02-24','2014-02-26','teresa.cannistraci',NULL,2014),(24,'Z020DE89B2','LAVORI SOSTITUZIONE MANIGLIONI ANTIPANICO','23','2400.00','2400.00','N','2014-02-24','2014-03-19','teresa.cannistraci',NULL,2014),(25,'ZEE0D75164','LAVORI PRONTO INTERVENTO SVUOTAMENTO, PULIZIA E BONIFICA DELLE CONDOTTE E POZZETTI FEBBRAIO 2014','23','1721.00','1464.00','N','2014-03-05','2014-06-17','teresa.cannistraci',NULL,2014),(26,'ZE90DF90F4','LAVORI URGENTI INSTALLAZIONE CONDIZIONATORE C/O UFFICIO GIUDICE DI PACE','23','1470.00','1470.00','N','2014-02-25','2014-03-27','teresa.cannistraci',NULL,2014),(27,'Z7A0E0E898','POLIZZA ASSICURATIVA PER  VERIFICA PROGETTI','23','1615.00','1615.00','N','2014-03-10','2014-03-11','teresa.cannistraci',NULL,2014),(28,'5544975220','AFFIDAMENTO E GESTIONE CANILE COMUNALE','1','92984.00',NULL,'N',NULL,NULL,'teresa.cannistraci',NULL,2014),(29,'Z3B0E163D2','LAVORI SOMMA URGENZA EDIFICIO SCOLASTICO ','23','28122.00','28122.00','N','2014-03-21','2014-03-27','teresa.cannistraci',NULL,2014),(30,'Z820E1693B','LAVORI PRONTO INTERVENTO ELIMINAZIONE INFILTRAZIONI ACQUA C/O SCUOLA DON MILANI','23','35000.00','35000.00','N','2014-03-21','2014-04-14','teresa.cannistraci',NULL,2014),(31,'Z8A0E16290','LAVORI DI RIPRISTINO MURO LOC. TORRE GREGORIANA','23','17626.00','17626.00','N','2014-03-31','2014-04-04','teresa.cannistraci',NULL,2014),(32,'Z190E2063D','ELIMINAZIONE INFILTRAZIONI PLESSO SCOLASTICO GIOVANNI PAOLO II','23','33591.00','33591.00','N','2014-03-25','2014-10-01','teresa.cannistraci',NULL,2014),(33,'ZB10E215B7','FORNITURA STAZIONE DI MISURA','23','9500.00','9500.00','N','2014-03-31','2014-06-26','teresa.cannistraci',NULL,2014),(34,'Z250E360A3',' ASCENSORE VIA SARTI E SCUOLA ELEMENTARE VIA DE ANGELIS','23','3000.00','2423.00','N','2014-03-19',NULL,'teresa.cannistraci',NULL,2014),(35,'ZE20E3AD12','ASSISTENZA E VERIFICA ASCENSORE PALAZZO COMUNALE','23','100.00','100.00','N','2014-12-16','2014-12-16','teresa.cannistraci',NULL,2014),(36,'ZEEOE3A971','RIPRISTINO LAPIDI CIMITERI COMUNALI','23','3600.00','3600.00','N','2014-02-23','2014-09-15','teresa.cannistraci',NULL,2014),(37,'Z170E24D46','LAVORI SOSTITUZIONE TUBAZIONI IN VIA DELLE CHIUSE','23','3000.00','3000.00','N','2014-03-31','2014-05-28','teresa.cannistraci',NULL,2014),(38,'ZAB0E45598','LAVORI ADEGUAMENTO AREA CHEZZI PER OTTENIMENTO CERTIFICATO AGIBILITA\' ','23','10267.00','10267.00','N','2014-03-13','2014-04-21','teresa.cannistraci',NULL,2014),(39,'Z8D0E7F4E0','FORNITURA N. 9 MONOSPLIT C/O TRIBUNALE','23','16265.00','16265.00','N','2014-05-08','2014-06-24','teresa.cannistraci',NULL,2014),(40,'ZF30EA5BAB','FORNITURA SEGNALETICA STRADALE','23','510.00','510.00','N',NULL,NULL,'teresa.cannistraci',NULL,2014),(41,'ZBF0E7BAC7','LAVORI TORRE DEGLI AZZI','24','5000.00','5000.00','N','2014-03-24','2014-04-30','teresa.cannistraci',NULL,2014),(42,'ZA80E88D43','LAVORI DI MESSA IN SICUREZZA STRADE URBANE ED EXTRAURBANE','23','39000.00','39000.00','N','2014-04-08','2014-07-17','teresa.cannistraci',NULL,2014),(43,'Z3E0E7C617','FORNITURA N. 2 BARELLE PER SALME OBITORIO COMUNALE','23','770.00','770.00','N','2014-05-06','2014-05-06','teresa.cannistraci',NULL,2014),(44,'ZCC0E73409','FORNITURA ARMADIO, CASSETTIERA PER IL CIMITERO BORGO HERMADA','6','770.00','770.00','N','2014-08-07','2014-08-07','teresa.cannistraci',NULL,2014),(45,'ZB50E72AE5','LAVORI MANUTENZIONE ASCENSORI TRIBUNALE','23','2470.00','2470.00','N','2014-05-23','2014-06-26','teresa.cannistraci',NULL,2014),(46,'Z050E93326','LAVORI TINTEGGIATURA PARCHEGGIO VIA DEI DOMENICANI','23','1000.00','1000.00','N',NULL,NULL,'teresa.cannistraci',NULL,2014),(47,'ZF40EA5BF0','FORNITURA SEGNALETICA STRADALE','23','425.00','425.00','N','2014-04-03','2014-05-21','teresa.cannistraci',NULL,2014),(48,'Z540E933DA','LAVORI ELIMINAZIONE PERDITE DALLE TUBAZIONI DEL CUCININO E DAI  BAGNI','23','5340.00','5340.00','N','2014-04-25','2014-04-29','teresa.cannistraci',NULL,2014),(49,'Z680EDEC47','FORNITURA BOX CANILE','6','18016.00','18016.00','N','2014-04-16','2014-05-24','teresa.cannistraci',NULL,2014),(50,'ZB60F2B456','SERVIZIO FORNITURA FOTOCOPIE','23','1033.00','1033.00','N','2014-01-20','2014-03-20','teresa.cannistraci',NULL,2014),(51,'Z8B0EC493F','LAVORI PRONTO INTERVENTO CONDOTTE E POZZETTI APRILE 2014','23','1721.00','0.00','N','2014-04-19',NULL,'teresa.cannistraci',NULL,2014),(52,'ZE80F11363','FORNITURA LASTRE PER TUMULAZIONI','23','600.00','600.00','N','2014-05-07','2014-09-08','teresa.cannistraci',NULL,2014),(53,'Z640F11511','PULIZIA AREA PER CONSENTIRE SONDAGGI PER INDAGINI GEOLOGICHE','6','4250.00','4250.00','N','2014-05-23','2014-06-04','teresa.cannistraci',NULL,2014),(54,'Z8F0F340D1','LAVORI DI ADEGUAMENTO IMMOBILE AREA GHEZZI PER OTTENIMENTO AGIBILITA\'','23','1500.00','1500.00','N','2014-05-16','2014-06-16','teresa.cannistraci',NULL,2014),(55,'ZC30F21901','LAVORI DI REALIZZAZIONE PIATTAFORME IN CEMENTO PER IL CANILE','23','5100.00','5100.00','N','2014-05-16','2014-06-03','teresa.cannistraci',NULL,2014),(56,'Z500F6AFFC','LAVORI DI RIPRISTINO MANTO STRADALE','23','21183.00','21183.00','N','2014-05-22','2014-09-10','teresa.cannistraci',NULL,2014),(57,'ZF6103852D','MANUTENZIONE STRAORDINARIA ASCENSORI TORRE DEGLI AZZI','23','4730.00','0.00','N','2014-07-15',NULL,'teresa.cannistraci',NULL,2014),(58,'5775327E98','LAVORI DI RIPRISTINO IMPIANTO P.I. PIAZZA PALATINA','23','40562.00','39862.00','N','2014-05-23',NULL,'teresa.cannistraci',NULL,2014),(59,'ZC80FE2201','ASCENSORI TORRE DEGLI AZZI','23','450.00','450.00','N','2014-06-03','2014-06-10','teresa.cannistraci',NULL,2014),(60,'ZB80FE248E','LAVORI POTENZIAMENTO I. ILLUMINAZIONE DEL PALACARUCCI','23','15868.00','15868.00','N','2014-06-24','2014-07-17','teresa.cannistraci',NULL,2014),(61,'Z340FE1E64','LAVORI DI MESSA IN FUNZIONE ASCENSORI CASTELLO FRANGIPANE','23','12742.00','12742.00','N',NULL,NULL,'teresa.cannistraci',NULL,2014),(62,'Z6D0FC6BB8','ACQUISTO N. 10 CARTELLI DI PASSO CARRABILE','23','280.00','280.00','N','2014-07-14','2014-08-08','teresa.cannistraci',NULL,2014),(63,'Z4F0FFCD3B','FORNITURA DEFIBRILLATORE PALESTRA POLIVALENTE PALACARUCCI','6','1150.00','1150.00','N','2014-06-27','2014-07-17','teresa.cannistraci',NULL,2014),(64,'Z8B0FA710F','FORNITURA PASSACAVO PER ATTRAVERSAMENTO STRADALE C/O AREA BEACH ARENA','23','599.00','0.00','N','2014-06-12','2014-06-12','teresa.cannistraci',NULL,2014),(65,'ZAD1038617','PRONTO INTERVENTO SVUOTAMENTO CONDOTTE E POZZETTI','23','1721.00','1721.00','N','2014-07-14','0014-07-30','teresa.cannistraci',NULL,2014),(66,'Z600FA4036','FORNITURA CAVI PER ALLACCIO ELETTRICO PRESSO AREA BEACH','23','585.00','585.00','N','2014-06-06','2014-06-06','teresa.cannistraci',NULL,2014),(67,'Z8010385BA','LAVORI DI SISTEMAZIONE POMPA ELETTRICA E GALEGGIANTE ZONA PORTO','23','1200.00','1200.00','N',NULL,NULL,'teresa.cannistraci',NULL,2014),(68,'ZAF0FA3FEF','FORNITURA TABELLONISTICA PER INTITOLAZIONE STRADA ','23','90.00','90.00','N','2014-06-06','2014-06-10','teresa.cannistraci',NULL,2014),(69,'Z2E1038D0A','LAVORI DI RISTRUTTURAZIONE FONTANA PIAZZA DELLA REPUBBLICA','23','3000.00','3000.00','N','2014-07-01','2014-07-10','teresa.cannistraci',NULL,2014),(70,'Z241038D49','FORNITURA ELETTROPOMPA FONTANA PIAZZA DELLA REPUBBLICA','23','360.00','360.00','N','2014-07-01',NULL,'teresa.cannistraci',NULL,2014),(71,'1010386EA','FORNITURA SEGNALETICA','23','800.00','800.00','N','2014-07-04','2014-09-03','teresa.cannistraci',NULL,2014),(72,'Z8A1038771','FORNITURA MATERIALE VARIO PER  BEACH SOCCER','23','1388.00','1388.00','N','2014-07-18','2014-07-23','teresa.cannistraci',NULL,2014),(73,'ZC210388CF','LAVORI DI MANUTENZIONE STRAORDINARIA STRADE URBANE ED EXTRAURBANE - VIA CAPO DEI BUFALI','23','26987.00','0.00','N',NULL,NULL,'teresa.cannistraci',NULL,2014),(74,'ZDC0F9BFDB','LAVORI PER ELIMINAZIONE DELLE CRITICITA\' RISCONTRATE SULLE STRADE ESTERNE ALL\'ABITATO','6','19400.00','19400.00','N','2014-08-07','2014-09-16','teresa.cannistraci',NULL,2014),(75,'58229480B4','LAVORI DI MESSA IN SICUREZZA ARENILI 1° STRALCIO','6','365546.00','0.00','N','2014-12-19',NULL,'teresa.cannistraci',NULL,2014),(76,'ZBC1043F85','FORNITURA FOTOCOPIE PER IL SETTORE','23','1033.06','1033.00','N','2014-07-18','2014-08-20','teresa.cannistraci',NULL,2014),(77,'Z711043FE5','MANUTENZIONE PRESIDI ANTINCENDIO ZONA PORTUALE ','23','8785.00','8785.00','N',NULL,NULL,'teresa.cannistraci',NULL,2014),(78,'ZB5108375C','INSTALLAZIONE MONUMENTO DEDICATO AI CARABINIERI C/O VILLA TOMASSINI','23','8042.00','8042.00','N','2014-08-19','2014-08-28','teresa.cannistraci',NULL,2014),(79,'Z2F10A1AE4','INSTALLAZIONE IMPIANTO SERVOSCALA PORTACAROZZINE CHIESA SAN DOMENICO','23','9000.00','9000.00','N','2014-09-04','2014-12-03','teresa.cannistraci',NULL,2014),(80,'Z9E115FCCF','LAVORI MANUTENZIONE ORDINARIA ASCENSORI','23','666.00','666.00','N','2014-07-01','2014-08-31','teresa.cannistraci',NULL,2014),(81,'5879087810','LAVORI DI RIQUALIFICAZIONE VIABILITA\' E REALIZZAZIONE PISTA CICLABILE LUNGOMARE CIRCE','6','185600.00','0.00','N',NULL,NULL,'teresa.cannistraci',NULL,2014),(82,'ZA710408D6','LAVORI COMPLETAMENTO RESTAURO FORO EMILIANO E TEATRO ROMANO 3° STRALCIO','23','34894.00','0.00','N',NULL,NULL,'teresa.cannistraci',NULL,2014),(83,'Z41116002D','LAVORI REVISIONE E RICARICA ESTINTORI ','23','2300.00','2300.00','N','2014-09-15','2014-10-08','teresa.cannistraci',NULL,2014),(84,'Z4D1160078','REALIZZAZIONE VIALI DI ACCESSO C/O IL MONUMENTO DEDICATO ALL\'ARMA DEI CARABINIERI','23','4000.00','4000.00','N','2014-09-22','2014-09-25','teresa.cannistraci',NULL,2014),(85,'ZF31160408','MANUTENZIONE PRESIDI ANTINCENDIO ZONA PORTUALE ','23','8785.00','8785.00','N','2014-07-18','2014-09-24','teresa.cannistraci',NULL,2014),(86,'Z161160446','FORNITURA FOTOCOPIE','23','1033.06','1033.00','N','2014-10-02','2014-11-18','teresa.cannistraci',NULL,2014),(87,'5926288F8D','LAVORI COSTRUZIONE SEDE STRADALE ACCESSO TIFOSERIA STADIO COLAVOLPE','6','70515.00','67850.00','N','2014-10-03',NULL,'teresa.cannistraci',NULL,2014),(88,'5929085389','FORNITURA CONTENITORI DA ALLOCARE IN VARI PUNTI DELLA CITTA\'','6','40000.00','0.00','N','2014-10-23','2014-12-16','teresa.cannistraci',NULL,2014),(89,'ZC11186236','FORNITURA PIANTE DI OLEANDRO','23','840.00','0.00','N','2014-12-15','2014-12-16','teresa.cannistraci',NULL,2014),(90,'ZAF1186439','MANUTENZIONE VEICOLI IN DOTAZIONE AL DIPARTIMENTO','23','1275.00','1275.00','N','2014-10-23','2014-10-28','teresa.cannistraci',NULL,2014),(91,'ZDF1186565','LAVORI DI PRONTO INTERVENTO SVUOTAMENTO E PULIZIA CONDOTTE E POZZETTI','23','1721.00','1700.00','N','2014-06-11','2014-10-14','teresa.cannistraci',NULL,2014),(92,'Z91186656','RIPARAZIONE PERDITA IDRICA SCUOLA MEDIA BORGO HERMADA','23','1920.00','1920.00','N','2014-10-23','2014-12-05','teresa.cannistraci',NULL,2014),(93,'ZBC1172641','NOLEGGIO GRUPPO ELETTROGENO','23','2400.00','0.00','N',NULL,NULL,'teresa.cannistraci',NULL,2014),(94,'Z1C0E84827','IMPIANTI TERMICI C/O DELEGAZIONE BORGO HERMADA','23','4508.00','4508.00','N','2014-10-30','2014-12-08','teresa.cannistraci',NULL,2014),(95,'5759693904','RIPRISTINO IMPIANTO P.I. LUNGOMARE CIRCE','23','197253.00','149278.00','N','2014-06-06',NULL,'teresa.cannistraci',NULL,2014),(96,'56658084AB','LAVORI DI RIQUALIFICAZIONE DI VIALE CIRCE E VIALE EUROPA 1° STRALCIO','6','733321.00','0.00','N',NULL,NULL,'teresa.cannistraci',NULL,2014),(97,'Z800EE5BA8','RIMOZIONE DELLA MOTONAVE DENOMINATA MN MARIANGELA','1','34912.50','0.00','N','2014-11-18','2014-12-15','teresa.cannistraci',NULL,2014),(98,'ZF00EFA8CF','LAVORI CABINA ELETTRICA LOC. MORELLE','23','26553.00','0.00','N','2014-05-30',NULL,'teresa.cannistraci',NULL,2014),(99,'Z7A0E87614','AFFIDAMENTO TEMPORANEO PER IL MANTENIMENTO E CURA CANI RANDAGI','23','27300.00','27300.00','N','2014-03-17','2014-03-31','teresa.cannistraci',NULL,2014),(100,'Z380E9B2A1','MANTENIMENTO E CURA DE CANI RANDAGI C/O I CANILI DI ALTRI COMUNI','23','39000.00','39000.00','N','2014-03-17','2014-07-18','teresa.cannistraci',NULL,2014),(101,'Z550F92F9E','NOLEGGIO N. 5 BAGNI CHIMICI','23','2794.00','2794.00','N','2014-06-06','2014-06-11','teresa.cannistraci',NULL,2014),(102,'Z6E0E5FF58','MANUTENZIONE ACCENSIONE IMPIANTI RISCALDAMENTO','23','32450.00','32450.00','N','0014-09-15','2014-09-30','teresa.cannistraci',NULL,2014),(103,'Z7F0E708BB','MANUTENZIONE ACCENSIONE IMPIANTI C/O LE SCUOLE','23','13140.00','13140.00','N','2014-09-19','2014-09-30','teresa.cannistraci',NULL,2014),(104,'588334845B','SERVIZIO DI CUSTODIA E MANTENIMENTO CANI RANDAGI','1','0.00','0.00','N',NULL,NULL,'teresa.cannistraci',NULL,2014),(105,'ZDA1169835','ELIMINAZIONE DELLE CRITICITA\' SULLE STRADE COMUNALI','23','13201.00','0.00','N','2014-11-03','2015-01-07','teresa.cannistraci',NULL,2014),(106,'Z701179217','REALIZZAZIONE DI N. 40 LOCULI E N. 15 OSSARI','23','39250.00','39250.00','N','2014-10-30','2014-12-01','teresa.cannistraci',NULL,2014),(107,'ZOD11BBF92','SOSTITUZIONE APPARECCHIATURA ELETTRONICA SCUOLA ELEMENTARE DON BRAGAZZI','23','530.00','530.00','N','2014-11-20','2014-11-23','teresa.cannistraci',NULL,2014),(108,'ZC511BBE2E','RIPARAZIONE SERBATOIO GASOLIO C/O SCUOLA MATERNA LA FIORA','23','927.00','0.00','N','2014-11-20',NULL,'teresa.cannistraci',NULL,2014),(109,'Z2E11AA449','MESSA A NORMA AMBIENTI INTERNI AREA CHEZZI','23','3350.00','3350.00','N','2014-11-07','2014-12-23','teresa.cannistraci',NULL,2014),(110,'ZC711E6A1B','ILLUMINAZIONE EX CHIESA SAN DOMENICO 1° STRALCIO','23','18819.00','0.00','N','2014-11-21','2014-12-16','teresa.cannistraci',NULL,2014),(111,'ZA611E9432','LAVORI DI MESSA IN SICUREZZA ASILO NIDO BORGO HERMADA','23','6300.00','633.00','N','2014-11-25','2014-12-10','teresa.cannistraci',NULL,2014),(112,'Z6211E656F','SCAVO  PER POSA TUBO DRENANTE PER P.I. SU PISTA CICLABILE','23','13114.00','0.00','N',NULL,NULL,'teresa.cannistraci',NULL,2014),(113,'Z6D11DFA96','MESSA IN SICUREZZA E MANUTENZIONE SCIVOLI DI ACCESSO ARENILI COMUNALI VIALE CIRCE','23','13271.00','13271.00','N','2014-05-19','2014-06-13','teresa.cannistraci',NULL,2014),(114,'Z2E11DBA8B','ACQUISTO MATERIALE EDILE DA PARATI SCUOLA ELEMENTARE GIOVANNI PAOLO II','23','1229.00','1229.00','N','2014-09-15','2014-09-16','teresa.cannistraci',NULL,2014),(115,'Z5211EB08A','LAVORI DI MESSA IN SICUREZZA DELLA BANCHINA VIA MORTACINO','23','11800.00','0.00','N',NULL,NULL,'teresa.cannistraci',NULL,2014),(121,'Z0B11F59A7','LAVORI  COMPLEMENTARI DI MESSA IN SICUREZZA DELLA BANCHINA IN VIA LUNGOLINEA PIO VI','23','20154.00','0.00','N',NULL,NULL,'teresa.cannistraci',NULL,2014),(122,'Z110DACED7','INCARICO COORDINATORE DELLA SICUREZZA IN FASE DI PROGETTAZIONE ED IN FASE DI ESECUZIONE NEL CENTRO RACCOLTA IN VIA MORELLE ','23','5000.00','0.00','N','2014-02-20',NULL,'teresa.cannistraci',NULL,2014),(124,'Z400DB795D','AFFIDAMENTO INCARICO AGIBILITA\' IMMOBILE  LOCALITA\' MORELLE','23','4000.00','4000.00','N','2014-01-08','2014-03-11','teresa.cannistraci',NULL,2014),(125,'Z980E598EE','AFFIDAMENTO INCAICO FRAZIONAMENTO LOC. CAMPO DEI MONACI','23','2171.00','2171.00','N','2014-01-21','2014-02-17','teresa.cannistraci',NULL,2014),(126,'Z510D71959','AFFIDAMENTO INCARICO ACCATASTAMENTO DELL\'IMMOBILE \"CASTELLO FRANGIPANE\"','23','4800.00','4800.00','N','2014-01-10','2014-03-19','teresa.cannistraci',NULL,2014),(127,'ZEA0DACF7B','AFFIDAMENTO INCARICO PROGETTAZIONE E RICHIESTA NULLA OSTA PAI IN LOCALITA\' MORELLE','23','8000.00','0.00','N','2014-07-11',NULL,'teresa.cannistraci',NULL,2014),(128,'ZA60E59ABE','INCARICO DI PROGETTAZIONE E COORDINATORE SICUREZZA DEI LAVORI DI RIPRISTINO LOCULI ZONA MONUMENTALE','23','35000.00','16494.00','N','2014-04-17',NULL,'teresa.cannistraci',NULL,2014),(129,'ZC90DBB2E1','INCARICO PROGETTAZIONE PER REALIZZAZIONE DI UN\'AREA MARINA','23','4028.00','4028.00','N','0014-02-17','2014-02-19','teresa.cannistraci',NULL,2014),(130,'Z480E7E14C','INCARICO INDAGINE GEOLOGICA PER I LAVORI DI RIPRISTINO CIMITERO','23','1200.00','1200.00','N','2014-04-17','2014-06-05','teresa.cannistraci',NULL,2014),(131,'Z540E98D13','AFFIDAMENTO PROGETTAZIONE E COORDINATORE SICUREZZA PISTA CICLABILE','23','6558.00','3152.00','N','2014-04-15',NULL,'teresa.cannistraci',NULL,2014),(132,'ZA30F1E929','INDAGINE GEOTECNICA E SISMICA PER I LAVORI DEL PARCHEGGIO IN VIA DEI DOMENICANI','23','18500.00','18500.00','N','2014-05-19','2014-06-16','teresa.cannistraci',NULL,2014),(133,'Z660F913D8','REDAZIONE RELAZIONE IMPATTO ACUSTICO BEACH STADIUM','23','2000.00','2000.00','N','2014-06-03','2014-06-06','teresa.cannistraci',NULL,2014),(134,'Z370FA40ED','PROGETTISTA E CORD. DELLA SICUREZZA ALLESTIMENTO  BEACH ARENA ','23','6344.00','6344.00','N','2014-06-06','0014-06-06','teresa.cannistraci',NULL,2014),(135,'Z470F9B22B','PREDISPOSIONE PIANO PER DEMOLIZIONI - LAVORI DI RESTAURO FORO EMILIANO E TEATRO ROMANO','23','3000.00','3000.00','N','2014-06-09','2014-10-27','teresa.cannistraci',NULL,2014),(136,'ZD30D7C79D','AFFIDAMENTO DELL\'INCARICO PER REDAZIONE N. 10 FRAZIONAMENTI','6','7000.00','0.00','N','2014-03-24',NULL,'teresa.cannistraci',NULL,2014),(137,'Z411032B36','COORDINATORE SICUREZZA DEI LAVORI DI COMPLETAMENTO RESTAURO FORO EMILIANO E TEATRO ROMANO','23','2000.00','2000.00','N','2014-07-15','0014-07-24','teresa.cannistraci',NULL,2014),(138,'ZD4115FF99','COORDINATORE SICUREZZA IN FASE DI PROGETTAZIONE E ASSISTENZA PROGETTAZIONE','23','7200.00','0.00','N','2014-10-03',NULL,'teresa.cannistraci',NULL,2014),(139,'ZC50FEC2F9','COORDINATORE IN FASE DI PROGETTAZIONE E IN FASE ESECUZIONE','23','1451.00','0.00','N','2014-11-18','2014-12-15','teresa.cannistraci',NULL,2014),(140,'Z771136F1C','RISPARMIO ENERGETCO P.I. - COLLAUDO','23','4000.00','0.00','N','2014-10-20',NULL,'teresa.cannistraci',NULL,2014),(141,'Z7611F6EF','INDAGINE GEOGNOSTICA SU TERRENO SITO IN LOCALITA\' MORELLE','23','1125.00','0.00','N',NULL,NULL,'teresa.cannistraci',NULL,2014),(142,'Z0911E7991','OTTENIMENTO CPI PER LA SCUOLA GIOVANNI PAOLO II','23','600.00','600.00','N','2014-10-23','2014-11-10','teresa.cannistraci',NULL,2014),(143,'ZC6120EF7','LAVORI MANUTENZIONE ORDINARIA ASCENSORI','23','172.00','172.00','N','2014-01-01','2014-03-31','teresa.cannistraci',NULL,2014),(144,'588334845B','SERVIZIO DI CUSTODIA E MANTENIMENTO CANI RANDAGI ACCALAPPIATI SUL TERRITORIO','1','0.00','0.00','N',NULL,NULL,'teresa.cannistraci',NULL,2014),(145,'Z6A124526A','INCARICO REDAZIONE RELAZIONE GEOLOGICA LAVORI MESSA IN SICUREZZA ACCESSO AGLI ARENILI','23','1200.00','1200.00','N','2010-04-01','2012-10-05','teresa.cannistraci',NULL,2014),(146,'ZA611E9432','LAVORI DI MESSA IN SICUREZZA DELL\'ASILO NIDO BORGO HERMADA','23','6300.00','6300.00','N','2014-11-27','2014-12-10','teresa.cannistraci',NULL,2014),(147,'Z441238414','LAVORI DI REALIZZAZIONE E POSA IN OPERA DI RETE ANTISCAVALCO C/O TIFOSERIA STADIO COLAVOLPE','6','39500.00','39500.00','N','2014-12-05','2014-12-09','teresa.cannistraci',NULL,2014),(148,'ZED125AD83','LAVORI REVISIONE E RICARICA ESTINTORI EDIFICI PROPRIETA\' COMUNALE','23','2760.00','0.00','N','2014-11-04',NULL,'teresa.cannistraci',NULL,2014),(149,'Z701253685','ACQUISTO MATERIALE PER TINTEGGIATURA AULE EDIFICIO SCOLASTICO SCUOLA MATERNA DELIBERA','23','1229.00','1229.00','N','2014-12-11','2014-12-16','teresa.cannistraci',NULL,2014),(150,'ZF21211165','LAVORI MARCIAPIEDI VIA MANZONI','23','15000.00',NULL,'N','2014-12-04','2014-12-29','teresa.cannistraci',NULL,2014),(151,'ZEA125ACB4','LAVORI MANUTENZIONE SERVOSCALA PALAZZO COMUNALE','23','505.00','0.00','N','2014-12-04',NULL,'teresa.cannistraci',NULL,2014),(152,'ZBB125AEBE','LAVORI URGENTI ACCENSIONE IMPIANTI TERMICI DIPARTIMENTO FINANZIARIO','23','2790.00','0.00','N','2014-12-16','2014-12-31','teresa.cannistraci',NULL,2014),(153,'Z0C123BC8F','LAVORI POSA IN OPERA SEGNALETICA STRADALE','23','8196.00','0.00','N','2014-12-16','2014-12-31','teresa.cannistraci',NULL,2014),(154,'ZA9123BBC','LAVORI PRONTO INTERVENTO ELIMINAZIONE INFILTRAZIONI ACQUA LASTRICO SOLARE SCUOLA ELEMENTARE BORGO HERMADA','23','24941.00','24941.00','N','2014-12-11','2015-01-12','teresa.cannistraci',NULL,2014),(155,'ZD0123B39E','RISTRUTTURAZIONE SERVIZI IGIENICI C/O MERCATO MARINA','23','8196.00','0.00','N','2014-12-16',NULL,'teresa.cannistraci',NULL,2014),(156,'08123BB7B','RIPRISTINO SEGNALETICA ORIZZONTALE E VERTICALE','6','36564.00','0.00','N','2014-12-12',NULL,'teresa.cannistraci',NULL,2014),(157,'ZF011D6A78','SERVIZI PER SISTEMA DI GESTIONE AMBIENTALE AI SENSI DELLA NORMA ISO14001:2004','23','1700.00','1700.00','N','2014-12-12','2014-12-16','teresa.cannistraci',NULL,2014),(158,'6048198AD','AFFIDAMENTO PER PROGETTAZIONE, COORDINAMENTO SICUREZZA ETC. PER IMPIANTO SPORTIVO PALACARUCCI-PALESTRA CALCATORE-IMPIANTO SPORTIVO PER IL CALCIO BORGO HERMADA','6','86377.00','0.00','N',NULL,NULL,'teresa.cannistraci',NULL,2014),(159,'6048182DAA','AFFIDAMENTO PER LA PROGETTAZIONE COORDINAMENTO IN FASE DI PROGETTAZIONE ETC. PER NUOVA COSTRUZIONE PALAZZETTO DELLO SPORT IN VIA BERNINI','6','86680.00','0.00','N',NULL,NULL,'teresa.cannistraci',NULL,2014),(160,'ZAF11B2047','REALIZZAZIONE ATTRAVERSAMENTI PEDONALI NEL CENTRO URBANO','6','39338.00','0.00','N',NULL,NULL,'teresa.cannistraci',NULL,2014),(161,'Z0E1254C26','LAVORI DI RESTAURO FORO EMILIANO INCARICO PROFESSIONALE COORDINATORE DELLA SICUREZZA','23','800.00','0.00','N',NULL,NULL,'teresa.cannistraci',NULL,2014),(163,'ZB51254E05','INCARICO COORDINATORE DELLA SICUREZZA IN FASE DI PROGETTAZIONE ED IN FASE DI ESECUZIONE PER I LAVORI DI RELAIZZAZIONE ATTRAVERSAMENTI PEDONALI NEL CENTRO URBANO','23','800.00','0.00','N',NULL,NULL,'teresa.cannistraci',NULL,2014),(164,'Z7811254D4','FORNITURA N° 4 MACCHINE PER RACCOLTA DIFFERENZIATA INCENTIVANTE','23','32275.00','0.00','N',NULL,NULL,'teresa.cannistraci',NULL,2014),(165,'ZF31287016','LAVORI URGENTI PER ACCENSIONE IMPIANTI TERMICI DIPARTIMENTO FINANZIARIO','23','8200.00','0.00','N','2014-12-19',NULL,'teresa.cannistraci',NULL,2014),(167,'ZF31287016','LAVORI URGENTI ACCENSIONE IMPIANTI TERMICI ','23','8200.00','0.00','N','2014-12-19',NULL,'teresa.cannistraci',NULL,2014),(168,'Z4F129847F','RIPRISTINO FINESTRE EDIFICIO SCOLASTICO DON MILANI','23','3350.00','3350.00','N','2014-12-30','2014-12-31','teresa.cannistraci',NULL,2014),(169,'Z44120D7B6','MONOBLOCCHI PER ISOLA ECOLOGICA','6','14887.00','0.00','N',NULL,NULL,'teresa.cannistraci',NULL,2014),(170,'Z5010081E8','contratto servizio Registro Imprese TELEMACO','23','1110.00','1110.00','N','2014-04-01','2015-03-31','elena.veglianti',NULL,2014),(173,'ZDD1012F37','fornitura registri Ditta Eredi V.PIETRICOLA','23','140.00','140.00','N','2014-04-22','2014-05-06','elena.veglianti',NULL,2014),(174,'Z1311D9EAD','contratto servizio candidatura Bandiera Blu PROMETEO srl','23','15000.00','18300.00','N','2014-11-18','2014-12-17','elena.veglianti',NULL,2014),(175,'Z841266CD6','atto aggiuntivo contratto SPC per sede Via Emilia','26','1508.69','0.00','N',NULL,NULL,'bruno.cittarelli',NULL,2014),(176,'Z471245F88','Manutenzione annuale software CIVILIA - Dedagroup s.p.a','4','39650.00','0.00','N',NULL,NULL,'bruno.cittarelli',NULL,2014),(177,'ZC0123CAC2','proroga contratto SPC 2014 -2015','26','36730.00','0.00','N',NULL,NULL,'bruno.cittarelli',NULL,2014),(178,'ZCD1230C21','Fornitura n. 6.000 cartellini per carte di identità','4','150.00','150.00','N',NULL,NULL,'bruno.cittarelli',NULL,2014),(179,'Z1111DB89C','Servizio di gestione costi telefonia','4','27377.00','0.00','N',NULL,NULL,'bruno.cittarelli',NULL,2014);
/*!40000 ALTER TABLE `avcpman_gara` ENABLE KEYS */;
UNLOCK TABLES;

--
-- Table structure for table `avcpman_indice`
--

DROP TABLE IF EXISTS `avcpman_indice`;
/*!40101 SET @saved_cs_client     = @@character_set_client */;
/*!40101 SET character_set_client = utf8 */;
CREATE TABLE `avcpman_indice` (
  `anno` int(4) NOT NULL,
  `url` varchar(255) DEFAULT NULL,
  `generare` char(1) DEFAULT NULL,
  PRIMARY KEY (`anno`)
) ENGINE=InnoDB DEFAULT CHARSET=utf8 COMMENT='Contiene gli indici delle pubblicazioni';
/*!40101 SET character_set_client = @saved_cs_client */;

--
-- Dumping data for table `avcpman_indice`
--

LOCK TABLES `avcpman_indice` WRITE;
/*!40000 ALTER TABLE `avcpman_indice` DISABLE KEYS */;
INSERT INTO `avcpman_indice` VALUES (2014,NULL,NULL);
/*!40000 ALTER TABLE `avcpman_indice` ENABLE KEYS */;
UNLOCK TABLES;

--
-- Table structure for table `avcpman_part_ditta`
--

DROP TABLE IF EXISTS `avcpman_part_ditta`;
/*!40101 SET @saved_cs_client     = @@character_set_client */;
/*!40101 SET character_set_client = utf8 */;
CREATE TABLE `avcpman_part_ditta` (
  `pid` int(11) NOT NULL DEFAULT '0',
  `did` int(11) NOT NULL DEFAULT '0',
  PRIMARY KEY (`pid`,`did`),
  KEY `fk_ditta` (`did`),
  CONSTRAINT `fk_ditta` FOREIGN KEY (`did`) REFERENCES `avcpman_ditta` (`did`),
  CONSTRAINT `fk_partecipante` FOREIGN KEY (`pid`) REFERENCES `avcpman_partecipanti` (`pid`)
) ENGINE=InnoDB DEFAULT CHARSET=utf8 COMMENT='Contiene le informazioni sulla partecipazione di singole dit';
/*!40101 SET character_set_client = @saved_cs_client */;

--
-- Dumping data for table `avcpman_part_ditta`
--

LOCK TABLES `avcpman_part_ditta` WRITE;
/*!40000 ALTER TABLE `avcpman_part_ditta` DISABLE KEYS */;
INSERT INTO `avcpman_part_ditta` VALUES (3,3),(96,3),(158,3),(4,4),(9,4),(24,4),(31,4),(39,4),(156,4),(157,4),(160,4),(161,4),(208,4),(231,4),(233,4),(5,5),(10,5),(57,5),(6,6),(53,6),(7,7),(8,8),(11,9),(43,9),(91,9),(12,10),(13,11),(38,11),(51,11),(67,11),(87,11),(126,11),(127,11),(18,12),(66,12),(105,12),(19,16),(198,16),(207,16),(23,20),(30,21),(32,22),(33,22),(61,22),(108,22),(34,23),(89,23),(106,23),(117,23),(35,24),(93,24),(115,24),(204,24),(37,26),(40,27),(41,28),(150,28),(42,29),(64,29),(139,29),(206,29),(44,30),(45,31),(70,31),(168,31),(47,32),(48,33),(74,33),(79,33),(109,33),(49,34),(50,35),(52,36),(71,36),(163,36),(54,37),(63,37),(82,37),(90,37),(55,38),(137,38),(56,39),(58,40),(59,41),(60,42),(62,43),(65,44),(68,45),(72,47),(73,48),(165,48),(202,48),(77,49),(147,49),(170,49),(80,50),(146,50),(81,51),(83,52),(84,53),(85,54),(86,55),(88,56),(92,57),(94,58),(95,59),(97,60),(120,60),(98,61),(119,61),(99,62),(100,63),(101,64),(102,65),(103,66),(114,66),(104,67),(107,68),(110,69),(212,69),(213,69),(111,70),(112,71),(113,72),(116,73),(118,74),(121,75),(122,76),(123,77),(124,78),(125,79),(128,80),(129,81),(132,84),(133,85),(134,86),(135,87),(136,88),(138,89),(140,90),(142,91),(143,92),(144,93),(145,94),(148,95),(149,96),(224,96),(151,97),(152,98),(153,99),(154,100),(155,101),(159,102),(164,103),(167,104),(169,105),(171,106),(172,107),(175,108),(223,108),(176,109),(177,110),(178,111),(217,111),(179,112),(180,113),(181,114),(196,114),(182,115),(216,115),(183,116),(201,116),(184,117),(185,118),(221,118),(186,119),(187,120),(188,121),(189,122),(190,123),(191,124),(192,125),(227,125),(193,126),(194,127),(195,128),(197,129),(200,130),(203,131),(205,132),(209,133),(210,134),(211,135),(214,136),(215,137),(218,138),(219,139),(220,140),(222,141),(225,142),(226,143),(228,144),(229,145),(232,146),(234,147),(235,148),(236,149),(237,150),(238,151),(240,151),(239,152),(241,153),(242,154);
/*!40000 ALTER TABLE `avcpman_part_ditta` ENABLE KEYS */;
UNLOCK TABLES;

--
-- Table structure for table `avcpman_partecipanti`
--

DROP TABLE IF EXISTS `avcpman_partecipanti`;
/*!40101 SET @saved_cs_client     = @@character_set_client */;
/*!40101 SET character_set_client = utf8 */;
CREATE TABLE `avcpman_partecipanti` (
  `pid` int(11) NOT NULL AUTO_INCREMENT,
  `gid` int(11) DEFAULT NULL,
  `tipo` char(1) DEFAULT NULL,
  `aggiudicatario` char(1) DEFAULT NULL,
  PRIMARY KEY (`pid`),
  KEY `fk_gara` (`gid`),
  CONSTRAINT `avcpman_partecipanti_ibfk_1` FOREIGN KEY (`gid`) REFERENCES `avcpman_gara` (`gid`)
) ENGINE=InnoDB AUTO_INCREMENT=249 DEFAULT CHARSET=utf8 COMMENT='Contiene le informazioni sui partecipanti ai lotti';
/*!40101 SET character_set_client = @saved_cs_client */;

--
-- Dumping data for table `avcpman_partecipanti`
--

LOCK TABLES `avcpman_partecipanti` WRITE;
/*!40000 ALTER TABLE `avcpman_partecipanti` DISABLE KEYS */;
INSERT INTO `avcpman_partecipanti` VALUES (3,3,'D','Y'),(4,4,'D','Y'),(5,5,'D','Y'),(6,5,'D','N'),(7,5,'D','N'),(8,6,'D','Y'),(9,7,'D','Y'),(10,8,'D','Y'),(11,9,'D','Y'),(12,10,'D','Y'),(13,11,'D','Y'),(18,13,'D','Y'),(19,14,'D','Y'),(23,17,'D','Y'),(24,18,'D','Y'),(30,16,'D','Y'),(31,19,'D','Y'),(32,20,'D','Y'),(33,21,'D','Y'),(34,22,'D','Y'),(35,23,'D','Y'),(37,24,'D','Y'),(38,25,'D','Y'),(39,26,'D','Y'),(40,27,'D','Y'),(41,28,'D','Y'),(42,29,'D','Y'),(43,30,'D','Y'),(44,31,'D','Y'),(45,32,'D','Y'),(47,33,'D','Y'),(48,34,'D','Y'),(49,35,'D','Y'),(50,36,'D','Y'),(51,37,'D','Y'),(52,38,'D','Y'),(53,39,'D','Y'),(54,40,'D','Y'),(55,41,'D','Y'),(56,42,'D','Y'),(57,43,'D','Y'),(58,44,'D','Y'),(59,44,'D','N'),(60,44,'D','N'),(61,45,'D','Y'),(62,46,'D','Y'),(63,47,'D','Y'),(64,48,'D',NULL),(65,49,'D',NULL),(66,50,'D','Y'),(67,51,'D','Y'),(68,52,'D','Y'),(70,53,'D','N'),(71,54,'D','Y'),(72,55,'D','Y'),(73,56,'D','Y'),(74,57,'D','Y'),(75,58,'R','Y'),(77,53,'D','Y'),(79,59,'D','Y'),(80,60,'D','Y'),(81,61,'D',NULL),(82,62,'D','Y'),(83,63,'D','Y'),(84,63,'D','N'),(85,63,'D','N'),(86,64,'D','Y'),(87,65,'D','Y'),(88,66,'D','Y'),(89,67,'D','Y'),(90,68,'D','Y'),(91,69,'D','Y'),(92,70,'D','Y'),(93,71,'D','Y'),(94,72,'D','Y'),(95,73,'D','Y'),(96,74,'D','Y'),(97,74,'D','N'),(98,74,'D','N'),(99,75,'D','Y'),(100,75,'D','N'),(101,75,'D','N'),(102,75,'D','N'),(103,75,'D','N'),(104,75,'D','N'),(105,76,'D','Y'),(106,77,'D','Y'),(107,78,'D','Y'),(108,79,'D','Y'),(109,80,'D','Y'),(110,81,'D','Y'),(111,81,'D','N'),(112,81,'D','N'),(113,81,'D','N'),(114,82,'D','Y'),(115,83,'D',NULL),(116,84,'D','Y'),(117,85,'D','Y'),(118,86,'D','Y'),(119,87,'D','Y'),(120,87,'D','N'),(121,87,'D','N'),(122,88,'D','Y'),(123,88,'D','N'),(124,89,'D','Y'),(125,90,'D','Y'),(126,91,'D','Y'),(127,92,'D','Y'),(128,93,'D','Y'),(129,94,'D','Y'),(131,95,'R','Y'),(132,96,'D','N'),(133,96,'D','Y'),(134,96,'D','N'),(135,96,'D','N'),(136,96,'D','N'),(137,96,'D','N'),(138,96,'D','N'),(139,96,'D','N'),(140,96,'D','N'),(142,97,'D','Y'),(143,97,'D','N'),(144,97,'D','N'),(145,98,'D','Y'),(146,98,'D','N'),(147,98,'D','N'),(148,98,'D','N'),(149,98,'D','N'),(150,99,'D','Y'),(151,100,'D','N'),(152,100,'D','N'),(153,100,'D','N'),(154,100,'D','Y'),(155,101,'D','Y'),(156,102,'D','Y'),(157,103,'D','Y'),(158,105,'D','Y'),(159,106,'D','Y'),(160,107,'D','Y'),(161,108,'D','Y'),(163,109,'D','Y'),(164,110,'D',NULL),(165,111,'D','Y'),(167,112,'D','Y'),(168,113,'D','Y'),(169,114,'D','Y'),(170,115,'D','Y'),(171,121,'D','Y'),(172,122,'D','Y'),(175,124,'D','Y'),(176,125,'D','Y'),(177,126,'D','Y'),(178,127,'D','Y'),(179,128,'D','Y'),(180,129,'D','Y'),(181,130,'D','Y'),(182,131,'D','Y'),(183,132,'D','Y'),(184,133,'D','Y'),(185,134,'D','Y'),(186,135,'D','Y'),(187,136,'D','Y'),(188,136,'D','N'),(189,136,'D','N'),(190,136,'D','N'),(191,136,'D','N'),(192,137,'D','Y'),(193,138,'D','Y'),(194,139,'D','Y'),(195,140,'D','Y'),(196,141,'D','Y'),(197,142,'D','Y'),(198,143,'D','Y'),(200,144,'D','Y'),(201,145,'D','Y'),(202,146,'D','Y'),(203,147,'D','Y'),(204,148,'D','Y'),(205,149,'D','Y'),(206,150,'D','Y'),(207,151,'D','Y'),(208,152,'D','Y'),(209,153,'D','Y'),(210,154,'D','Y'),(211,155,'D','Y'),(212,102,'D',NULL),(213,156,'D','Y'),(214,157,'D','Y'),(215,159,'D','Y'),(216,159,'D','N'),(217,159,'D','N'),(218,159,'D','N'),(219,159,'D','N'),(220,158,'D','Y'),(221,158,'D','N'),(222,158,'D','N'),(223,158,'D','N'),(224,160,'D','Y'),(225,160,'D','N'),(226,160,'D','N'),(227,161,'D','Y'),(228,163,'D','Y'),(229,164,'D','Y'),(231,167,'D','Y'),(232,168,'D','Y'),(233,165,'D','Y'),(234,169,'D','Y'),(235,170,'D','Y'),(236,173,'D','Y'),(237,174,'D','Y'),(238,175,'D','Y'),(239,176,'D','Y'),(240,177,'D','Y'),(241,178,'D','Y'),(242,179,'D','Y');
/*!40000 ALTER TABLE `avcpman_partecipanti` ENABLE KEYS */;
UNLOCK TABLES;

--
-- Table structure for table `avcpman_pubblicazione`
--

DROP TABLE IF EXISTS `avcpman_pubblicazione`;
/*!40101 SET @saved_cs_client     = @@character_set_client */;
/*!40101 SET character_set_client = utf8 */;
CREATE TABLE `avcpman_pubblicazione` (
  `numero` decimal(10,0) NOT NULL,
  `anno` int(4) NOT NULL,
  `titolo` varchar(1000) DEFAULT NULL,
  `abstract` varchar(1000) DEFAULT NULL,
  `data_pubblicazione` date DEFAULT NULL,
  `data_aggiornamento` date DEFAULT NULL,
  `modified` bit(1) DEFAULT NULL,
  `url` varchar(1000) DEFAULT NULL,
  PRIMARY KEY (`numero`,`anno`),
  KEY `fk_anno` (`anno`),
  CONSTRAINT `fk_anno` FOREIGN KEY (`anno`) REFERENCES `avcpman_indice` (`anno`)
) ENGINE=InnoDB DEFAULT CHARSET=utf8 COMMENT='Contiene le informazioni sulle pubblicazioni effettuate';
/*!40101 SET character_set_client = @saved_cs_client */;

--
-- Dumping data for table `avcpman_pubblicazione`
--

LOCK TABLES `avcpman_pubblicazione` WRITE;
/*!40000 ALTER TABLE `avcpman_pubblicazione` DISABLE KEYS */;
/*!40000 ALTER TABLE `avcpman_pubblicazione` ENABLE KEYS */;
UNLOCK TABLES;

--
-- Table structure for table `avcpman_raggruppamento`
--

DROP TABLE IF EXISTS `avcpman_raggruppamento`;
/*!40101 SET @saved_cs_client     = @@character_set_client */;
/*!40101 SET character_set_client = utf8 */;
CREATE TABLE `avcpman_raggruppamento` (
  `pid` int(11) NOT NULL DEFAULT '0',
  `did` int(11) NOT NULL DEFAULT '0',
  `ruolo` int(11) DEFAULT NULL,
  PRIMARY KEY (`pid`,`did`),
  KEY `fk_rag_ditta` (`did`),
  CONSTRAINT `fk_rag_ditta` FOREIGN KEY (`did`) REFERENCES `avcpman_ditta` (`did`),
  CONSTRAINT `fk_rag_part` FOREIGN KEY (`pid`) REFERENCES `avcpman_partecipanti` (`pid`)
) ENGINE=InnoDB DEFAULT CHARSET=utf8 COMMENT='Contiene le informazioni sui raggruppamenti di ditte';
/*!40101 SET character_set_client = @saved_cs_client */;

--
-- Dumping data for table `avcpman_raggruppamento`
--

LOCK TABLES `avcpman_raggruppamento` WRITE;
/*!40000 ALTER TABLE `avcpman_raggruppamento` DISABLE KEYS */;
INSERT INTO `avcpman_raggruppamento` VALUES (75,82,1),(75,83,3),(131,82,1),(131,83,3);
/*!40000 ALTER TABLE `avcpman_raggruppamento` ENABLE KEYS */;
UNLOCK TABLES;

--
-- Table structure for table `avcpman_settings`
--

DROP TABLE IF EXISTS `avcpman_settings`;
/*!40101 SET @saved_cs_client     = @@character_set_client */;
/*!40101 SET character_set_client = utf8 */;
CREATE TABLE `avcpman_settings` (
  `sid` int(11) NOT NULL AUTO_INCREMENT,
  `skey` varchar(50) DEFAULT NULL,
  `svalue` varchar(1000) DEFAULT NULL,
  PRIMARY KEY (`sid`)
) ENGINE=InnoDB AUTO_INCREMENT=5 DEFAULT CHARSET=utf8 COMMENT='Contiene le impostazioni del programma';
/*!40101 SET character_set_client = @saved_cs_client */;

--
-- Dumping data for table `avcpman_settings`
--

LOCK TABLES `avcpman_settings` WRITE;
/*!40000 ALTER TABLE `avcpman_settings` DISABLE KEYS */;
INSERT INTO `avcpman_settings` VALUES (1,'ente','Comune di Terracina'),(2,'licenza','IODL'),(3,'cf_ente','00246180590'),(4,'prefisso_url','');
/*!40000 ALTER TABLE `avcpman_settings` ENABLE KEYS */;
UNLOCK TABLES;

--
-- Table structure for table `avcpman_users`
--

DROP TABLE IF EXISTS `avcpman_users`;
/*!40101 SET @saved_cs_client     = @@character_set_client */;
/*!40101 SET character_set_client = utf8 */;
CREATE TABLE `avcpman_users` (
  `id` varchar(255) NOT NULL,
  `name` varchar(255) DEFAULT NULL,
  `access_password` varchar(255) DEFAULT NULL,
  `user_roles` varchar(255) DEFAULT NULL,
  PRIMARY KEY (`id`)
) ENGINE=InnoDB DEFAULT CHARSET=utf8 COMMENT='Contiene le informazioni sugli utenti';
/*!40101 SET character_set_client = @saved_cs_client */;

--
-- Dumping data for table `avcpman_users`
--

LOCK TABLES `avcpman_users` WRITE;
/*!40000 ALTER TABLE `avcpman_users` DISABLE KEYS */;
INSERT INTO `avcpman_users` VALUES ('administrator','Utente amministratore','cae3b8895e675a9e38aa9e91b41e82ec4c91e9ba','administrator');
/*!40000 ALTER TABLE `avcpman_users` ENABLE KEYS */;
UNLOCK TABLES;
/*!40103 SET TIME_ZONE=@OLD_TIME_ZONE */;

/*!40101 SET SQL_MODE=@OLD_SQL_MODE */;
/*!40014 SET FOREIGN_KEY_CHECKS=@OLD_FOREIGN_KEY_CHECKS */;
/*!40014 SET UNIQUE_CHECKS=@OLD_UNIQUE_CHECKS */;
/*!40101 SET CHARACTER_SET_CLIENT=@OLD_CHARACTER_SET_CLIENT */;
/*!40101 SET CHARACTER_SET_RESULTS=@OLD_CHARACTER_SET_RESULTS */;
/*!40101 SET COLLATION_CONNECTION=@OLD_COLLATION_CONNECTION */;
/*!40111 SET SQL_NOTES=@OLD_SQL_NOTES */;

-- Dump completed on 2015-01-21 13:00:05
